{
  "Get Booking Id " : {
    "transaction" : "Get Booking Id ",
    "sampleCount" : 10,
    "errorCount" : 0,
    "errorPct" : 0.0,
    "meanResTime" : 219.5,
    "medianResTime" : 214.5,
    "minResTime" : 203.0,
    "maxResTime" : 270.0,
    "pct1ResTime" : 266.0,
    "pct2ResTime" : 270.0,
    "pct3ResTime" : 270.0,
    "throughput" : 1.3273161667109106,
    "receivedKBytesPerSec" : 1.207287380541545,
    "sentKBytesPerSec" : 0.2592414388107247
  },
  "Update Booking" : {
    "transaction" : "Update Booking",
    "sampleCount" : 10,
    "errorCount" : 0,
    "errorPct" : 0.0,
    "meanResTime" : 211.10000000000002,
    "medianResTime" : 210.5,
    "minResTime" : 204.0,
    "maxResTime" : 222.0,
    "pct1ResTime" : 221.6,
    "pct2ResTime" : 222.0,
    "pct3ResTime" : 222.0,
    "throughput" : 1.3570362328674175,
    "receivedKBytesPerSec" : 1.2369703317953589,
    "sentKBytesPerSec" : 0.5817762756140589
  },
  "Total" : {
    "transaction" : "Total",
    "sampleCount" : 40,
    "errorCount" : 0,
    "errorPct" : 0.0,
    "meanResTime" : 500.59999999999997,
    "medianResTime" : 217.5,
    "minResTime" : 203.0,
    "maxResTime" : 2291.0,
    "pct1ResTime" : 1430.4999999999993,
    "pct2ResTime" : 1534.8,
    "pct3ResTime" : 2291.0,
    "throughput" : 3.6835804401878622,
    "receivedKBytesPerSec" : 3.2306871028639836,
    "sentKBytesPerSec" : 1.1825947946403905
  },
  "Create Booking" : {
    "transaction" : "Create Booking",
    "sampleCount" : 10,
    "errorCount" : 0,
    "errorPct" : 0.0,
    "meanResTime" : 326.29999999999995,
    "medianResTime" : 211.0,
    "minResTime" : 204.0,
    "maxResTime" : 806.0,
    "pct1ResTime" : 802.8,
    "pct2ResTime" : 806.0,
    "pct3ResTime" : 806.0,
    "throughput" : 1.2416190712689348,
    "receivedKBytesPerSec" : 1.1615928420660542,
    "sentKBytesPerSec" : 0.48743248696299973
  },
  "Create token" : {
    "transaction" : "Create token",
    "sampleCount" : 10,
    "errorCount" : 0,
    "errorPct" : 0.0,
    "meanResTime" : 1245.5,
    "medianResTime" : 1007.0,
    "minResTime" : 873.0,
    "maxResTime" : 2291.0,
    "pct1ResTime" : 2215.4000000000005,
    "pct2ResTime" : 2291.0,
    "pct3ResTime" : 2291.0,
    "throughput" : 0.9802960494069209,
    "receivedKBytesPerSec" : 0.7367537496323889,
    "sentKBytesPerSec" : 0.2623057788452112
  }
}